gamma,mean_terminal_pnl,std_terminal_pnl,mean_max_abs_inventory,mean_sharpe_like_ratio,mean_total_fills
0.3711,2.149304043537852,1.7807145522978147,1.11,2.3933700101520623,2.84
0.2937,2.2367623168808635,2.009876821979323,1.18,2.374183610172455,2.975
0.4226,2.0190252150882047,1.7125034382333804,1.06,2.3694555891504776,2.7
0.3453,2.1782678656161973,1.8384540359273702,1.135,2.3661223401548397,2.9
0.3968,2.0779008516246056,1.7548801730733385,1.09,2.355465805689102,2.76
