parameter,value,strategy,mean_terminal_pnl,std_terminal_pnl,mean_path_pnl_std,mean_max_abs_inventory,mean_sharpe_like_ratio,mean_total_fills
A,2.0,FixedSpread,0.9560014847295929,1.992026806600255,0.6846358131520262,1.29,1.1737232540466334,1.94
A,2.0,AvellanedaStoikov,1.0703558240316056,1.586834749168013,0.5444261357547312,0.9,1.425670837953687,1.35
A,5.0,FixedSpread,2.0247774408521906,2.6124097989457167,1.1290473821111722,2.16,1.6525605107223265,4.58
A,5.0,AvellanedaStoikov,2.3240284900442587,2.1467133269898904,0.9668031596285195,1.49,2.1636586922681214,3.3
A,8.0,FixedSpread,3.332449423017085,3.957384452741469,1.623419166134268,2.76,2.088275602826185,7.25
A,8.0,AvellanedaStoikov,3.456559523812876,2.520266487926081,1.2881258730274234,1.81,2.449771619508756,5.15
A,12.0,FixedSpread,4.751442227424762,4.778290255194162,2.096455023581721,3.61,2.360782591035209,10.6
A,12.0,AvellanedaStoikov,5.4451332512004225,2.928210867198691,1.8208915241924957,2.11,2.9203722068931426,7.78
