parameter,value,strategy,mean_terminal_pnl,std_terminal_pnl,mean_path_pnl_std,mean_max_abs_inventory,mean_sharpe_like_ratio,mean_total_fills
base_spread,0.5,FixedSpread,1.3735524497735725,3.7719208739077437,1.2650624843513736,2.64,1.263436393780715,6.61
base_spread,0.5,AvellanedaStoikov,2.3240284900442587,2.1467133269898904,0.9668031596285195,1.49,2.1636586922681214,3.3
base_spread,1.0,FixedSpread,2.0247774408521906,2.6124097989457167,1.1290473821111722,2.16,1.6525605107223265,4.58
base_spread,1.0,AvellanedaStoikov,2.3240284900442587,2.1467133269898904,0.9668031596285195,1.49,2.1636586922681214,3.3
base_spread,1.5,FixedSpread,2.348323963741096,2.545739813553696,1.0843535521455063,1.7,1.907369464254795,3.2
base_spread,1.5,AvellanedaStoikov,2.3240284900442587,2.1467133269898904,0.9668031596285195,1.49,2.1636586922681214,3.3
base_spread,2.0,FixedSpread,2.012100454827264,2.377084789333716,0.978424573746095,1.37,1.7260612316876978,2.15
base_spread,2.0,AvellanedaStoikov,2.3240284900442587,2.1467133269898904,0.9668031596285195,1.49,2.1636586922681214,3.3
